id;name;phone;email;address;gender;date_of_birth
1;fund eek;1-582-786-2883 x4842;Billy8@gmail.com;slow relative;23497;2024-10-07
2;factorize;1-773-885-0331;Lorenz18@yahoo.com;ack;23579;2024-10-07
3;possible;898.900.5595;Danika.Watsica@yahoo.com;internationalize er;10715;2024-10-08
4;correctly apropos;354.722.0034 x9591;Franco4@gmail.com;upon trivial empty;26878;2024-10-07
5;uh-huh underneath;418-919-1996;Adonis5@gmail.com;amongst toothbrush excepting;24039;2024-10-07
6;colorful courtroom;(815) 907-8558 x110;Earnestine96@yahoo.com;personal;22317;2024-10-07
7;grass hm but;619.767.8592 x184;Shaina76@gmail.com;lest;10203;2024-10-08
8;however;(206) 421-3673;Theodora_Schowalter@gmail.com;an;31492;2024-10-07
9;hm offset gigantic;917-872-6934 x93858;Anna.Cummings@gmail.com;spattering passport;1568;2024-10-07
10;however yowza;(626) 313-5641 x8754;Kelly_Bins73@hotmail.com;wetly;20093;2024-10-08
